<?xml version="1.0" encoding="UTF-8"?>
<metadata xml:lang="en"><Esri><CreaDate>20190322</CreaDate><CreaTime>12485400</CreaTime><ArcGISFormat>1.0</ArcGISFormat><SyncOnce>TRUE</SyncOnce><DataProperties><lineage><Process ToolSource="c:\program files (x86)\arcgis\desktop10.2\ArcToolbox\Toolboxes\Data Management Tools.tbx\CalculateField" Date="20190322" Time="124325">CalculateField District_Boundary_1 No_HH [No_HH_1] VB #</Process><Process ToolSource="c:\program files (x86)\arcgis\desktop10.2\ArcToolbox\Toolboxes\Data Management Tools.tbx\CalculateField" Date="20190322" Time="124344">CalculateField District_Boundary_1 TOT_P [TOT_P_1] VB #</Process><Process ToolSource="c:\program files (x86)\arcgis\desktop10.2\ArcToolbox\Toolboxes\Data Management Tools.tbx\CalculateField" Date="20190322" Time="124413">CalculateField District_Boundary_1 TOT_M [TOT_M_1] VB #</Process><Process ToolSource="c:\program files (x86)\arcgis\desktop10.2\ArcToolbox\Toolboxes\Data Management Tools.tbx\CalculateField" Date="20190322" Time="124422">CalculateField District_Boundary_1 TOT_F [TOT_F_1] VB #</Process><Process ToolSource="c:\program files (x86)\arcgis\desktop10.2\ArcToolbox\Toolboxes\Data Management Tools.tbx\CalculateField" Date="20190322" Time="124431">CalculateField District_Boundary_1 P_06 [P_067] VB #</Process><Process ToolSource="c:\program files (x86)\arcgis\desktop10.2\ArcToolbox\Toolboxes\Data Management Tools.tbx\CalculateField" Date="20190322" Time="124443">CalculateField District_Boundary_1 M_06 [M_067] VB #</Process><Process ToolSource="c:\program files (x86)\arcgis\desktop10.2\ArcToolbox\Toolboxes\Data Management Tools.tbx\CalculateField" Date="20190322" Time="124454">CalculateField District_Boundary_1 F_06 [F_067] VB #</Process><Process ToolSource="c:\program files (x86)\arcgis\desktop10.2\ArcToolbox\Toolboxes\Data Management Tools.tbx\CalculateField" Date="20190322" Time="124557">CalculateField District_Boundary_1 P_SC [P_SC_1] VB #</Process><Process ToolSource="c:\program files (x86)\arcgis\desktop10.2\ArcToolbox\Toolboxes\Data Management Tools.tbx\CalculateField" Date="20190322" Time="124612">CalculateField District_Boundary_1 M_SC [M_SC_1] VB #</Process><Process ToolSource="c:\program files (x86)\arcgis\desktop10.2\ArcToolbox\Toolboxes\Data Management Tools.tbx\CalculateField" Date="20190322" Time="124708">CalculateField District_Boundary_1 F_SC [F_SC_1] VB #</Process><Process ToolSource="c:\program files (x86)\arcgis\desktop10.2\ArcToolbox\Toolboxes\Data Management Tools.tbx\CalculateField" Date="20190322" Time="124724">CalculateField District_Boundary_1 P_ST [P_ST_1] VB #</Process><Process ToolSource="c:\program files (x86)\arcgis\desktop10.2\ArcToolbox\Toolboxes\Data Management Tools.tbx\CalculateField" Date="20190322" Time="124736">CalculateField District_Boundary_1 M_ST [M_ST_1] VB #</Process><Process ToolSource="c:\program files (x86)\arcgis\desktop10.2\ArcToolbox\Toolboxes\Data Management Tools.tbx\CalculateField" Date="20190322" Time="124746">CalculateField District_Boundary_1 F_ST [F_ST_1] VB #</Process></lineage></DataProperties></Esri></metadata>
